,nameOrganizationFrom,Tm,numberPickOverall,Age,3P%,PER,FT%,PC-1,PC-2,Career_PER
413,0.47369924624657683,-0.48439729394297504,41.0,-1.5893911240354683,-0.5083174750687819,-0.3151626740108511,-0.6119094569226772,2.2073843428117965,-0.565716200106013,0.22645449538903573
195,1.414133573095414,0.9109482314578569,26.0,0.5143068102118901,-0.006377638891432969,-0.09718895576376929,1.3331898353737546,-1.2493497453526548,-2.935268918624481,0.08138691811444093
197,0.009514261530046489,1.037792420038582,32.0,-0.14311759625335654,0.016225563338153767,-5.5207605410429705,-1.1984351400351307,7.065471201391627,0.7327745109098209,2.181520315570561
92,0.3391954394394309,1.163905595109942,13.0,-0.14311759625335654,0.1002522193874753,0.1963051065311632,-0.5713277425596619,3.408604550228438,0.8922875834041831,0.5702019681350742
146,1.8703234283309595,-0.2890293132815072,7.0,-0.8487164477684818,0.9028998726169762,-0.1192757204970219,0.2709010517824976,-3.203095954969629,-2.135790606169071,-0.0406519843737509
44,-0.8277127364695723,0.6827751219143379,22.0,-0.14311759625335654,0.19400049393059193,0.452891491145737,-0.12016576535934952,-1.6328210040047113,0.11010117041693591,0.22645449538903573
5,0.9590443649772767,1.0657456805207497,7.0,-1.5893911240354683,0.4519896488621812,0.014316748084099065,-0.744043484536077,-3.302036656689755,0.21498669195693154,-0.16772943044772914
266,1.324065390507806,-1.921508416587057,2.0,-0.14311759625335654,-1.6459190782737547,0.5716938473506715,0.032657110391102015,-5.533464656436402,0.5775074630979613,1.2031538367163477
470,-0.6088005308348513,-1.7197609402960035,33.0,1.1325476142005315,0.29625657477116235,-1.6458526152406425,0.04917424450505616,3.8470287078872136,-1.8566671899421086,-2.372873108350862
103,0.10802424343067549,-1.2137202695980112,30.0,-0.14311759625335654,1.2903802444047396,-0.9589421585657781,0.19271270638282245,5.547417754446312,-0.5268020575930147,-1.0624031831410268
225,-0.551979600626105,-1.2137202695980112,32.0,0.5143068102118901,-1.6459190782737547,0.4765489108245051,-0.5984329136342104,1.3625794430323634,2.1714219869846,-0.9466822963998401
472,-1.1219892098097826,-0.6446730857977406,40.0,-0.14311759625335654,0.19400049393059193,0.21934079832411754,0.04917424450505616,2.2695113770709128,0.9482859859899198,-0.29958817474745186
131,1.6598107511294844,-0.6446730857977406,31.0,2.2999378424051717,-0.11123474955208297,-0.79661721046673,-0.23545485274120773,2.4982757446325703,-0.449801210562039,-0.0406519843737509
475,-1.4358725140008222,-1.7197609402960035,0.0,1.1325476142005315,-1.098203981340881,0.2655930063171086,-0.7048882482750769,-5.430332204052879,-1.019885142059142,0.33685271766439556
268,1.4766474555480822,-0.0368558743670645,4.0,-0.14311759625335654,0.1217796330423642,-0.5274903841605805,0.1414206745650549,-3.287644243988703,-1.607090898277655,-0.20025513533275874
342,0.6468471670251086,1.2899183134442413,23.0,1.1325476142005315,0.755690641505733,-0.22871665646798303,-0.22034310451877925,-2.4374923073029335,-1.5619462504832797,-0.5058582795112435
176,-1.5840960844163545,1.163905595109942,3.0,1.1325476142005315,0.7172549317777883,-0.4431681218945269,-0.24298221649232876,-2.0898734616325947,-1.4142053916979174,-1.3811001564966952
71,0.46906181316620377,-0.6551076439235256,22.0,0.5143068102118901,0.786531740871134,0.014316748084099065,0.3061222280464945,-1.1400207859516212,-0.5979736948788903,-0.4360040477712139
80,-1.6128585540822395,0.9109482314578569,44.0,1.1325476142005315,0.1002522193874753,0.3587968609460603,0.2621406039363322,2.742320042926777,1.7032407723066771,1.03364264066255
95,-0.8883062482387757,0.14501048306157882,19.0,0.5143068102118901,0.44451283007463055,-0.8983395286616085,0.2446739618438854,1.4802495078405997,-0.4085538346313653,-1.756350149876648
377,-1.0890541658455068,-0.5082448638436045,23.0,-0.14311759625335654,0.7326136754379512,0.014316748084099065,-0.1822226289733615,1.444036035046591,0.3222562076483881,0.021014874969715543
321,0.10802424343067549,-0.5082448638436045,47.0,1.1325476142005315,-1.6459190782737547,0.5478315738431655,0.07409859160598924,0.9379892213671789,1.230927980303017,0.7867688425391438
213,0.3391954394394309,-0.8997465087974682,16.0,-1.5893911240354683,0.9810864294772017,0.014316748084099065,0.2446739618438854,-2.269534254321029,-1.3932046105130846,0.8558644208056628
22,-1.4282672918484032,-1.2137202695980112,46.0,0.5143068102118901,-0.027494644231945614,-1.511108713676155,0.32383958828810916,5.5073900280700085,-2.010092422952607,-0.9085831388278712
53,0.009514261530046489,1.8873942659101421,44.0,0.5143068102118901,0.856219176529853,1.2331167696635508,0.7788973587145555,-3.1042803809345214,-0.19834154545029256,0.46882471370698936
175,0.4649498481208426,0.9109482314578569,2.0,-1.5893911240354683,-0.055537900075012026,0.3587968609460603,-0.9279946907269322,-2.7637869662644157,1.6744825449281087,1.26483572616828
233,-0.08090858185667348,0.14501048306157882,0.0,-0.8487164477684818,-0.2551469309435467,0.8862285545125502,0.5325454807568947,-5.251015493381188,-1.347112623979946,1.1193518521611767
418,0.009514261530046489,-0.8997465087974682,49.0,0.5143068102118901,0.9889311340850047,-0.46432158440926447,0.5697450271012335,2.827348209128376,-1.2029001693487071,-0.3332730416498846
11,1.1057741382614625,-0.2890293132815072,17.0,-0.8487164477684818,0.19400049393059193,-0.9991722590447152,-1.4814882670255902,4.426614956029184,-0.6064487342498204,-1.101444784386409
166,0.3897214006369472,1.144664671921605,39.0,0.5143068102118901,0.5421667933615673,0.7158913006250505,0.19271270638282245,0.789349285215215,2.120171627966766,0.198104990524224
239,-0.5240409043859819,-1.11236621271147,6.0,-0.8487164477684818,0.9732464190559768,0.6195668931976454,1.177793289134903,-4.708528951567581,-0.9399308701996583,0.14042537826782406
158,-0.07109852352777384,1.916455608668105,23.0,-0.14311759625335654,-0.3360315866589039,-0.6525880925110288,1.260291529283937,3.3841185727621075,-2.403524974668431,0.5451806272597743
488,0.4649498481208426,1.2899183134442413,14.0,1.1325476142005315,-1.6459190782737547,-1.0192371299467504,-0.15136278709633025,3.8733382244162633,-0.7633686532841686,-0.7217388876817619
404,0.009514261530046489,-1.2137202695980112,22.0,-1.5893911240354683,-1.3020947640718932,0.9845239641941917,-1.4814882670255902,6.260006144709782,0.9073694802397053,-0.23307584132355258
471,0.3391954394394309,-0.0368558743670645,38.0,0.5143068102118901,0.7788138219381715,-0.14129424877554037,-0.645384531526618,1.1970724532332189,-0.06515909473371109,-0.5767795206572812
386,0.3391954394394309,0.7636219386127739,42.0,-1.5893911240354683,-0.1938568937519357,0.24243706018391192,-0.25049080702181953,-1.1369126049223302,-0.5060220288669103,-0.20025513533275874
87,-1.0433172844312204,-0.6551076439235256,8.0,-0.14311759625335654,0.519544692499852,0.08206832735356082,1.6964008545681577,-2.7008947891098063,-2.871568024739815,0.021014874969715543
366,-1.6128585540822395,-1.921508416587057,5.0,-0.14311759625335654,-0.18701203864377808,0.6917392579967832,0.8666104215747982,-4.328068701908199,-0.1359427944938329,0.4944982549318248
301,0.46906181316620377,-0.48439729394297504,10.0,0.5143068102118901,0.9654111166326566,0.17333089972457438,1.663759214636302,1.7946673916390903,0.22157614279154633,0.30968213846732207
300,1.5645666207156232,-0.08253582662995065,7.0,-0.8487164477684818,0.7788138219381715,0.03683215114132258,-0.00013638407277696303,-3.3073041088127284,-1.4559256491899528,0.7398947272852698
287,-0.3308135496539379,1.2899183134442413,30.0,1.7254802912688452,-1.6459190782737547,2.2627092930717643,-0.49570005415646023,-2.0754350075470502,4.388222381400033,0.9458722787275541
159,-1.1619605030108853,-1.7197609402960035,24.0,1.1325476142005315,0.39234280603723565,0.15041912345218802,0.3149720609347967,-3.203456378636237,-1.6183298337112269,0.021014874969715543
258,1.2390665235096396,1.163905595109942,30.0,2.2999378424051717,-0.13889480913928412,-0.22871665646798303,0.3061222280464945,-0.573153177508249,1.2812694245268608,1.1823744553572557
357,0.8900919168160778,-0.6446730857977406,47.0,-1.5893911240354683,-0.1938568937519357,-0.46432158440926447,0.9654817681238894,4.366202490114497,0.0435277943922379,0.7867688425391438
453,0.9184065044957213,0.9109482314578569,9.0,-0.8487164477684818,0.23766466471827802,-0.09718895576376929,0.4044339178914844,-2.0403503674562065,-0.6892374213950563,0.4429207299986044
208,0.009514261530046489,1.144664671921605,9.0,-0.8487164477684818,0.856219176529853,0.5240195850788372,0.8079993911410659,-4.524571700465945,-3.1247325499703087,0.5199480901116659
333,0.3063579323020477,0.7058713584002465,12.0,-0.14311759625335654,-1.6459190782737547,0.7158913006250505,0.3327247505006203,-1.1977440028140625,-0.8885466251665333,0.30968213846732207
67,0.009514261530046489,1.0657456805207497,13.0,-0.14311759625335654,-0.14579085105596157,0.40573578247556785,0.08244602803287128,0.5621788259799971,1.7916665056546588,0.7634153884909294
149,0.009514261530046489,1.2636933198085172,10.0,-0.14311759625335654,1.1706244443735903,0.6195668931976454,1.3227355037093824,-2.5072490772176934,-0.9661019200594089,0.6923352698624137
238,0.8552869765528679,0.7636219386127739,5.0,-0.8487164477684818,1.4110851720480588,0.2655930063171086,2.3719673271844317,1.3739792204372885,1.1245066716040388,0.8558644208056628
17,0.9590443649772767,0.8365603811367598,28.0,-0.8487164477684818,0.9889311340850047,-0.5693682071318444,-0.2127583623895184,2.914539196390581,-0.4653206897457915,0.4944982549318248
84,-1.4282672918484032,1.0657456805207497,4.0,-0.8487164477684818,-0.04993967834747169,-1.0392691089338673,-0.6051774493489549,3.384164835314767,0.6704756343269124,0.4429207299986044
397,-1.3737414028927109,-0.0368558743670645,11.0,1.7254802912688452,-1.6459190782737547,0.6435765247468042,-0.18988645583072086,-1.8966326875365633,2.567783631418174,-0.20025513533275874
141,-0.8277127364695723,1.163905595109942,1.0,-0.8487164477684818,0.06451985753481969,0.15041912345218802,-0.23545485274120773,-1.6927364304075234,-0.3036255759088002,-0.13550239668058106
294,0.009514261530046489,0.09922592087606807,0.0,-0.14311759625335654,0.8484562147960379,0.1275707554989759,0.8764312250505941,-2.41823225736472,-0.06267400536123237,0.16943282064150572
425,1.5645666207156232,-0.9787833058928149,9.0,0.5143068102118901,0.42957704337972935,0.6676341583348693,0.8764312250505941,-5.870355358947025,-2.0371716165994638,0.33685271766439556
245,0.6101166525343914,1.2636933198085172,13.0,-1.5893911240354683,-1.6459190782737547,1.1083247220979435,-0.08862285035582378,-2.5125361777477244,0.2725843480308316,0.7162027737462083
427,-0.772246617267545,-1.11236621271147,11.0,1.7254802912688452,-0.03451762935711427,-0.3151626740108511,-0.18988645583072086,0.45026902630381954,1.3851810427567666,-1.1407172299521833
234,-0.7537976800176819,-0.9787833058928149,1.0,-0.8487164477684818,1.1150738821004067,1.1830838175109293,0.386402782182418,-4.052530141680163,0.004643123437950274,0.4944982549318248
439,0.46906181316620377,-0.15489371687432948,33.0,-0.14311759625335654,-1.6459190782737547,1.358857443989879,0.3774130340622545,-4.891865996927517,1.4376207421052614,1.3655618684327588
79,0.009514261530046489,1.7702807219252445,40.0,-0.8487164477684818,0.5421667933615673,2.2890858528877525,0.7499324212582077,-4.9658327345661615,1.3936542826481468,2.5051952804772895
24,1.8703234283309595,1.163905595109942,0.0,-0.8487164477684818,0.6027398301876912,2.554378934710826,0.7499324212582077,-7.368909004678642,1.3875563706805352,2.3295712092244836
65,0.009514261530046489,-0.8997465087974682,11.0,0.5143068102118901,0.37749170845035973,0.1275707554989759,0.47723897340725646,-3.760421393740915,-1.4994781069235863,0.05136509811350325
114,-1.3737414028927109,0.9109482314578569,4.0,-0.14311759625335654,-1.6459190782737547,-0.29363824788349574,-1.3533215863171155,0.18561345043327296,-0.5877709837871785,0.05136509811350325
227,-1.3570494575740442,-0.2890293132815072,38.0,0.5143068102118901,0.39234280603723565,0.38223886749507946,-0.13580727274407808,-4.037607729640653,0.6931315895440396,-0.20025513533275874
235,-0.6088005308348513,-0.08253582662995065,2.0,-0.14311759625335654,0.9341172663100694,0.452891491145737,1.438462791435263,-5.343521994666011,-1.9834684808807415,-0.13550239668058106
487,-0.38178052901029474,-0.2890293132815072,13.0,1.1325476142005315,0.2522731510440993,-0.6939414048735928,-0.15136278709633025,0.2674744724630676,-2.5939377855749615,-2.015838924085281
450,0.46906181316620377,-0.08253582662995065,5.0,1.1325476142005315,0.8484562147960379,0.38223886749507946,-0.2127583623895184,-5.700196294185678,-1.211542315185932,-0.40148405643517865
180,1.8986848634872933,-1.11236621271147,7.0,-0.8487164477684818,0.40721834232773374,-0.5693682071318444,0.3954097620126209,-0.3235262003357236,-1.0107107343195532,-0.5411868838716187
434,1.8703234283309595,-0.2890293132815072,22.0,0.5143068102118901,1.2663519744677576,-0.1192757204970219,-0.5916757632230597,3.1532849977783513,1.143887676554921,-0.0406519843737509
441,0.3391954394394309,-1.11236621271147,44.0,1.1325476142005315,-0.7026873693663558,-0.3580442985826367,-0.17453854949929673,-0.14337508270023736,-0.18000313494563752,-0.3672393771706986
344,-1.4358725140008222,-0.2890293132815072,25.0,0.5143068102118901,0.043170089704203565,-0.8983395286616085,-2.33202973225005,4.729255713682502,0.07668901084172133,-0.2661879993185477
408,1.8986848634872933,-0.31741787082838235,28.0,1.1325476142005315,0.31833573254327846,0.8129588630238576,-0.18988645583072086,-3.2047132986465643,-0.19438898881588326,0.7634153884909294
202,1.5645666207156232,-0.08253582662995065,1.0,0.5143068102118901,-1.0178323185143645,0.15041912345218802,-1.013938692148895,0.054224354317098884,3.7757619134868947,-1.2599015885770009
222,0.3063579323020477,1.163905595109942,27.0,0.5143068102118901,1.020356621251597,-0.5693682071318444,1.3541385246436368,0.9143100082080001,-0.7320205479794378,-0.9466822963998401
314,-1.4358725140008222,0.8365603811367598,30.0,1.7254802912688452,0.19400049393059193,-0.030502623551903606,0.6449187370088142,-0.1287084111611502,-0.07746979754446398,-1.421939537102187
219,0.09261579290494044,1.916455608668105,23.0,-0.8487164477684818,-0.10013614978257405,-2.3037331421776543,-1.5362173232245429,6.20651617187344,-1.0420101276130551,-0.5411868838716187
445,0.009514261530046489,-0.6446730857977406,0.0,-1.5893911240354683,-1.6459190782737547,-0.22871665646798303,-0.15910883283201055,0.8174689166187237,-0.7142344740665701,-0.4360040477712139
330,-0.8277127364695723,0.7636219386127739,7.0,0.5143068102118901,0.5421667933615673,1.4094105092792426,0.8862668685220461,-3.9579129259162595,0.5583639481665711,-0.16772943044772914
402,0.46906181316620377,-0.08253582662995065,19.0,1.1325476142005315,-0.06252827702235587,-1.9684693919695737,-1.7234174358267247,4.9624776268742234,-3.0461614138401956,-1.5874544758633822
104,0.009514261530046489,1.2899183134442413,33.0,0.5143068102118901,0.49697407771233293,-0.5902390538706443,-0.024518171041868063,2.7455420235568107,-1.083463101272082,-1.101444784386409
417,0.009514261530046489,-1.0672384968664064,47.0,1.1325476142005315,-0.06252827702235587,-1.511108713676155,2.808943138469129,7.422762864884651,-3.1064814486716537,-0.8707245798239963
179,1.4766474555480822,-0.2890293132815072,6.0,-0.8487164477684818,-1.6459190782737547,1.384115933582014,-0.7570071109065943,-4.920655133325039,1.6664468325963815,1.4832611056531961
247,1.324065390507806,-0.8997465087974682,15.0,-0.14311759625335654,-0.06252827702235587,1.358857443989879,0.3954097620126209,-1.6447794674512366,2.110248111563457,0.7634153884909294
135,0.009514261530046489,-0.2890293132815072,38.0,-0.14311759625335654,0.37749170845035973,-0.18513285739023722,1.0759148172120914,0.9806188206708673,0.20346213379377315,0.7162027737462083
292,0.5151619030566164,0.14501048306157882,47.0,1.1325476142005315,-1.6459190782737547,0.38223886749507946,-1.1041621788895923,0.8031311969538357,1.3557041115413622,-0.7957376658086224
156,0.009514261530046489,1.7702807219252445,21.0,0.5143068102118901,0.23182873811079718,2.394873103151836,-0.4677846631743395,-4.515404989748218,3.187054638111414,1.405165059197648
256,0.009514261530046489,0.8365603811367598,25.0,0.5143068102118901,0.5120154051203777,-0.14129424877554037,0.4680793586182822,-0.4112746158053582,-1.033106709607538,0.33685271766439556
346,0.009514261530046489,0.8365603811367598,27.0,-0.14311759625335654,0.23182873811079718,6.147399856395172,2.808943138469129,3.001055817360444,4.191911234301873,-0.2661879993185477
73,0.009514261530046489,1.2899183134442413,24.0,-0.8487164477684818,-0.2957046335737582,-0.030502623551903606,-3.0491950930704075,3.1785289469380467,1.8343766834754247,1.9073222557076162
40,-1.6569389575089317,0.7636219386127739,18.0,1.1325476142005315,-0.2686923716102044,-0.22871665646798303,0.458936490761574,0.24747484579889195,-1.720041230889675,-0.4360040477712139
182,-0.772246617267545,-1.0672384968664064,9.0,-0.8487164477684818,0.27423546112308217,0.17333089972457438,0.2972901497537126,-2.0096942898237504,0.3185267551549791,1.3456162354666188
411,-1.4282672918484032,-0.6446730857977406,37.0,1.1325476142005315,0.8329451323554165,-0.29363824788349574,0.8470134871904135,0.31818904799853037,-2.0903662178881386,-0.9466822963998401
207,-0.6088005308348513,0.09922592087606807,8.0,-0.8487164477684818,-0.06252827702235587,0.05941640009077359,0.3061222280464945,-2.303918794860837,0.30506691154702087,1.1614823927455369
378,-1.865599669167003,-0.5082448638436045,24.0,1.1325476142005315,0.9575805361084526,0.5716938473506715,0.08244602803287128,-1.77774745227744,0.351922201418446,0.1110753946170112
489,0.009514261530046489,1.037792420038582,15.0,-0.14311759625335654,0.4894620809657894,-0.1192757204970219,0.4316088921195843,-0.4034003764309768,-0.08337090354367942,0.14042537826782406
335,-1.865599669167003,0.09922592087606807,15.0,1.1325476142005315,0.5421667933615673,-0.4431681218945269,0.7595720997135914,-1.6066660266060022,0.1807296813357656,-0.9850200116148562
485,0.3391954394394309,-0.5082448638436045,10.0,0.5143068102118901,-1.6459190782737547,-1.8363799233595761,-1.8891730900444912,4.758236583391879,-0.4048414224410059,-0.5767795206572812
224,1.8848874011361214,-1.2137202695980112,30.0,0.5143068102118901,-0.7983055934288064,-0.030502623551903606,1.663759214636302,1.5899763281093362,5.208999152243938,-0.47079640824892327
379,0.009514261530046489,1.037792420038582,25.0,-0.14311759625335654,-0.40275393235161505,-0.7556651731937435,-0.5371536928039394,3.5474245039159107,-0.5949847831356596,0.9900255481438277
69,-0.38178052901029474,1.7702807219252445,18.0,-0.8487164477684818,-0.3761365553627677,-1.511108713676155,0.14992224156368417,3.337502036905676,-2.508925738563289,-0.3672393771706986
83,-0.5240409043859819,0.7058713584002465,3.0,-0.14311759625335654,-1.6459190782737547,0.1963051065311632,0.024428515582475163,-1.4355575367459978,-0.2536487335877662,0.6440556509258191
406,0.009514261530046489,-0.5082448638436045,26.0,-1.5893911240354683,0.23182873811079718,2.6344938850569566,-0.4537405267567485,3.993848964331245,2.9799609077741573,-1.101444784386409
32,0.3897214006369472,-0.9862395388915837,8.0,0.5143068102118901,0.5724087045401888,0.05941640009077359,0.024428515582475163,-1.3320428301182858,0.024284009669118534,0.05136509811350325
3,-0.5514722765118067,0.9109482314578569,5.0,1.7254802912688452,0.9889311340850047,-0.09718895576376929,1.0557076043102969,-1.6145505842962171,-1.0747819486418893,0.33685271766439556
168,0.009514261530046489,-0.7506361627107438,45.0,1.1325476142005315,0.8484562147960379,-0.8170357876973955,1.8502003165713106,4.016311940277984,-0.5279265198287535,-1.9720884707045934
13,-1.0433172844312204,0.6827751219143379,19.0,0.5143068102118901,0.4519896488621812,0.014316748084099065,-0.056738288478954305,-1.4860241158616436,-0.04893261956724327,0.36375330622919894
196,-1.4282672918484032,-0.08253582662995065,27.0,1.7254802912688452,0.2303704262319703,-0.6110655118785697,0.3954097620126209,2.183992242474138,-0.7220416668141698,-0.0406519843737509
414,1.8703234283309595,-0.48439729394297504,42.0,1.1325476142005315,0.7326136754379512,-0.27205656902356246,-0.6983230890955537,-1.1638732598095178,-1.0122237334679205,-1.545755162920553
70,0.009514261530046489,0.09922592087606807,19.0,-1.5893911240354683,3.2990364637933696,-2.7601001661304965,-0.5713277425596619,7.234696131025511,-2.3330281471720458,-0.8707245798239963
289,0.46906181316620377,-1.2137202695980112,36.0,-0.8487164477684818,-1.6459190782737547,1.9744840242569353,-0.22941932781263197,4.632130256758219,4.069490467243013,-0.20025513533275874
369,0.009514261530046489,1.2636933198085172,10.0,-2.3567124901580105,-1.6459190782737547,0.5956058130034545,-1.6172489904534302,0.2198285442138013,3.835035868107023,0.4167792146532385
362,1.5645666207156232,0.7058713584002465,1.0,0.5143068102118901,-1.6459190782737547,0.9598868244837212,-0.8402417575084177,-5.926188304402026,-0.4003106991829467,0.8329896634679514
491,-1.1219892098097826,-1.11236621271147,17.0,-0.8487164477684818,0.5270797004378365,1.009202622070077,-0.7245159522190043,-1.4180130569832936,0.24501658557020145,-0.29958817474745186
457,-1.1219892098097826,-0.48439729394297504,14.0,-0.8487164477684818,-0.378802530410715,0.15041912345218802,-0.9895599219666631,1.9016576157402318,1.563545478775122,-0.2661879993185477
460,-0.38178052901029474,-1.2137202695980112,18.0,-0.8487164477684818,-0.2006946469396414,1.1083247220979435,-0.4537405267567485,3.5788404780324123,1.1115342713084682,1.3255724672986766
332,0.009514261530046489,-0.7506361627107438,9.0,-2.3567124901580105,-0.01201584589837173,-1.0192371299467504,-2.505552254076611,4.306608309173521,0.3372318452169281,1.385410959691845
403,-1.9597478529537116,-1.921508416587057,20.0,-0.14311759625335654,-0.1938568937519357,-0.7351305947157644,-0.8843531848891827,-1.7888006791221058,-0.7971338776736591,-0.29958817474745186
435,1.2390665235096396,-1.7197609402960035,23.0,-0.14311759625335654,-1.6459190782737547,0.2655930063171086,-0.016411398616864935,-4.349566744506708,0.7718105777296013,-0.07195966895874252
290,0.009514261530046489,-0.6551076439235256,37.0,-0.14311759625335654,-0.8160473651064635,-1.6841378193935617,-1.4814882670255902,4.035008358323671,-0.24160955480367133,-2.015838924085281
505,-1.5840960844163545,1.144664671921605,47.0,0.5143068102118901,-0.7014057486757975,-2.118226119202478,-1.0466333711650047,3.117796523962268,6.925796261498547,-0.5411868838716187
90,0.5151619030566164,1.916455608668105,11.0,-0.8487164477684818,-0.5527650537607394,-0.22871665646798303,-1.013938692148895,-0.8355690331242096,1.8230390152762472,0.8329896634679514
348,0.6101166525343914,2.402301219641901,32.0,-0.8487164477684818,0.3938292631716471,-0.6732855786573783,-0.691746513541942,4.151879330250767,0.0440625756840954,0.4167792146532385
110,1.8703234283309595,1.8873942659101421,0.0,-1.5893911240354683,-1.6459190782737547,2.341923613010527,0.20132683766271228,-5.6973658916998575,1.2794530468835104,2.675516556004701
278,0.009514261530046489,1.2636933198085172,17.0,-0.14311759625335654,0.9810864294772017,-0.8577607455174224,0.44070120475425134,5.0348661954106095,-0.5656992084194228,-0.5411868838716187
446,0.009514261530046489,0.14501048306157882,1.0,-1.5893911240354683,-0.22116579698939287,0.17333089972457438,-0.8717986880697873,-2.2277677838440297,0.917530840548289,0.6196340567770743
138,1.8703234283309595,1.8873942659101421,45.0,0.5143068102118901,1.0046345710590983,-1.2378653061093443,2.808943138469129,3.323908842166512,0.1951149745550499,-1.9285372684954551
319,0.2716867793347382,-0.15489371687432948,41.0,-0.8487164477684818,1.2104352870016262,-0.6110655118785697,-0.07272288791700696,1.1167110505983067,0.20771682802883593,-1.0624031831410268
396,-1.9597478529537116,1.2636933198085172,10.0,-0.14311759625335654,0.5421667933615673,0.15041912345218802,-0.26545235289528996,0.3850423651639038,0.4523964563775227,-0.7586136430893048
415,1.324065390507806,0.09922592087606807,44.0,1.7254802912688452,1.2503543599883384,0.5716938473506715,0.5418208990151349,-1.5181984851494603,2.3930420817644356,-0.07195966895874252
193,0.009514261530046489,-0.6446730857977406,22.0,1.1325476142005315,-1.6459190782737547,0.7158913006250505,-0.4112515267811173,-0.9471908394230482,2.558611270571338,0.33685271766439556
279,0.009514261530046489,-0.8997465087974682,19.0,-0.14311759625335654,0.19400049393059193,-0.33663099051956047,-0.5095730314700659,0.5070400149503919,1.032632140450753,-0.29958817474745186
137,-0.6089637749710304,-1.921508416587057,42.0,1.7254802912688452,-1.6459190782737547,0.9598868244837212,0.3505477436595237,1.961516348713235,1.5031467339189548,-0.5058582795112435
492,1.8703234283309595,0.3415952557895638,18.0,0.5143068102118901,-1.6459190782737547,0.2655930063171086,-0.5371536928039394,-0.14370879348283697,1.3452325694474485,-0.10357783183751283
163,1.1057741382614625,0.14501048306157882,29.0,0.5143068102118901,-0.5214152450932232,0.05941640009077359,0.3505477436595237,3.554040774984365,0.7610206608077262,1.6353163064513818
100,0.3063579323020477,-1.11236621271147,24.0,0.5143068102118901,0.3036098815626849,-1.158792489427678,0.44070120475425134,4.684804524138356,-0.23699948339450405,-0.9850200116148562
253,0.3011130839763103,-0.48439729394297504,21.0,1.1325476142005315,1.0913333390043911,-0.33663099051956047,0.935666370415357,-2.0465189617861115,-0.22794510969992268,-0.5411868838716187
52,-1.6569389575089317,-1.2137202695980112,40.0,1.1325476142005315,-0.14579085105596157,-1.5690008451395887,2.808943138469129,6.768391458769721,-2.570514912211872,-0.9085831388278712
282,-1.1219892098097826,0.7636219386127739,22.0,-0.8487164477684818,0.29625657477116235,-0.1192757204970219,-0.7048882482750769,-0.7059185802791472,-0.10795755058135201,-0.3332730416498846
88,0.009514261530046489,-1.2137202695980112,9.0,0.5143068102118901,0.863987064749599,-0.6939414048735928,-0.38980057273871077,2.280828426390441,-0.3633512511535445,0.9458722787275541
443,1.8986848634872933,1.037792420038582,47.0,2.2999378424051717,-0.1856422108975183,0.5478315738431655,0.7115276820116823,-0.1558870309081541,1.2218733375081525,-0.16772943044772914
189,1.8356810646154482,-0.6446730857977406,16.0,-0.14311759625335654,-0.009197376216440746,-0.8170357876973955,-0.13580727274407808,2.221933516977658,0.8451316894920814,-0.5767795206572812
228,1.8703234283309595,0.9109482314578569,40.0,0.5143068102118901,0.42957704337972935,-0.3151626740108511,0.5978149571144209,2.612156992598031,-0.10082632580848012,-0.3332730416498846
34,0.2716867793347382,-1.0672384968664064,10.0,-1.5893911240354683,-0.3091721442605835,0.740089775500613,-0.00013638407277696303,-3.31601811200666,1.1792019339940196,0.7634153884909294
424,0.009514261530046489,1.0657456805207497,8.0,-0.8487164477684818,-0.40275393235161505,0.9352916026903083,-0.49570005415646023,-6.104540764727717,0.11497442499337762,1.8004162818484426
45,0.46906181316620377,1.163905595109942,23.0,-1.5893911240354683,0.3109696099318598,-0.22871665646798303,-0.07272288791700696,2.1335854960090224,-2.1974991993217574,0.1110753946170112
35,1.8703234283309595,-0.6551076439235256,11.0,-0.8487164477684818,0.9263057142241675,-0.14129424877554037,-0.25049080702181953,-0.5278861104614264,0.24152618467010747,-0.2661879993185477
221,-1.1376663320375748,-0.08253582662995065,26.0,1.1325476142005315,-1.6459190782737547,-0.79661721046673,-0.7505307253192132,2.6887695596982306,-0.5455758496087288,-0.16772943044772914
201,0.3011130839763103,-0.6551076439235256,52.0,1.1325476142005315,-1.6459190782737547,1.5874592866485708,-0.18988645583072086,1.171354611189309,4.708483511234521,0.9011600595448208
94,0.009514261530046489,-1.921508416587057,16.0,-0.8487164477684818,-0.14579085105596157,-1.336058995912706,-0.4041167870364958,2.997257984370739,-2.122637881340945,0.33685271766439556
350,0.47369924624657683,1.144664671921605,35.0,-1.5893911240354683,0.786531740871134,-0.030502623551903606,0.5232864559570967,0.22378766398912794,-0.6638943977722157,0.4429207299986044
187,-0.8883062482387757,1.144664671921605,14.0,0.5143068102118901,-0.3654631306947652,-0.27205656902356246,-1.1397442065756676,0.5972524134234535,0.5369541114883419,0.4429207299986044
477,0.009514261530046489,-1.11236621271147,2.0,-1.5893911240354683,-1.3298998514979337,0.5716938473506715,-1.3645986619401596,-3.9308383996480614,0.638044413984818,0.021014874969715543
132,1.1057741382614625,-0.31741787082838235,33.0,0.5143068102118901,0.5044918596740503,-0.4431681218945269,-0.6119094569226772,0.4310302048600148,-0.8158520131058249,-0.3332730416498846
1,0.10802424343067549,-0.5082448638436045,2.0,-0.8487164477684818,0.6027398301876912,-0.42196460021629123,-0.32458068917510846,-0.6739590666242725,0.24871118895405986,0.36375330622919894
93,0.009514261530046489,1.144664671921605,14.0,-1.5893911240354683,0.6484010338696189,-0.3151626740108511,-0.3391895272466357,-2.215617306357635,-1.101676472929103,2.131227467754993
318,-0.07109852352777384,1.163905595109942,35.0,1.1325476142005315,-1.6459190782737547,0.8129588630238576,-0.744043484536077,-2.481082532771097,1.7108084570792434,0.6440556509258191
113,-1.5840960844163545,-0.15489371687432948,3.0,-0.14311759625335654,0.3700753861078132,0.33541050044491794,0.15844274455828367,-3.157702608772292,-2.3253751300920498,-0.6126335627786857
242,-0.8277127364695723,-1.2137202695980112,10.0,-0.8487164477684818,0.0006772321093649695,-0.8577607455174224,0.7019652011223412,2.300004381304379,-2.118363486194472,-0.5411868838716187
343,-1.9597478529537116,-0.0368558743670645,24.0,-0.8487164477684818,0.17805186277015117,-0.40071009750807657,-0.7245159522190043,-1.304057322090297,1.4184563572903035,-1.2199473980644582
241,-1.6128585540822395,-1.7197609402960035,9.0,-0.8487164477684818,-1.6459190782737547,1.358857443989879,0.5790855336181536,-5.826997049612998,1.323356807707036,1.3255724672986766
203,1.8848874011361214,1.916455608668105,2.0,-0.8487164477684818,0.863987064749599,0.40573578247556785,0.7211056868230636,-2.525651159385164,-0.8164881212575706,2.313322643529838
218,0.009514261530046489,1.037792420038582,22.0,-0.14311759625335654,0.8174539416333287,0.17333089972457438,-0.4183708541308458,-2.6965999502754605,-0.48175322710852303,-0.2661879993185477
281,-0.07109852352777384,0.7058713584002465,21.0,0.5143068102118901,-0.2686923716102044,0.3120805455241578,0.08244602803287128,-1.2507161117588181,0.47706094105934566,-0.4360040477712139
506,0.009514261530046489,-1.2137202695980112,48.0,2.2999378424051717,-0.25785814194037887,2.7148448080776175,-1.4814882670255902,2.9362973921346716,9.989497687220556,-1.799091703277373
237,0.3391954394394309,1.163905595109942,4.0,-0.8487164477684818,-1.0116249167987768,1.4601067679736048,0.5418208990151349,-4.565836358810044,0.42087127518770634,1.727771875003713
62,-0.5240409043859819,-0.9862395388915837,8.0,-1.5893911240354683,0.9419335968171207,0.21934079832411754,-0.27290564378739757,2.849786649597657,0.6177931079232175,-0.6126335627786857
26,0.46906181316620377,-0.8997465087974682,2.0,-0.8487164477684818,-0.6189976490211399,1.1581250672341141,-0.3172508087161222,-4.894415922303421,0.16741400678268428,0.6923352698624137
77,-1.5840960844163545,-0.8997465087974682,38.0,-0.8487164477684818,0.3997775316220897,-0.7556651731937435,-0.9527286764760156,-0.5493296994355543,-1.6844456439385112,-0.10357783183751283
139,0.009514261530046489,-0.48439729394297504,47.0,0.5143068102118901,-1.6459190782737547,0.8373381922881956,-0.4537405267567485,0.5119949299281066,2.0363845895204244,1.03364264066255
462,0.009514261530046489,1.037792420038582,24.0,-1.5893911240354683,-1.6459190782737547,0.24243706018391192,-1.4814882670255902,2.9496635513528053,0.35483344437153397,0.6682877742752453
352,1.1057741382614625,-0.48439729394297504,37.0,1.1325476142005315,1.3707469718942373,0.08206832735356082,0.9654817681238894,3.8719716022023913,0.4938445481119655,-0.4360040477712139
466,0.009514261530046489,0.14501048306157882,28.0,0.5143068102118901,0.7788138219381715,-0.40071009750807657,0.3061222280464945,-2.636385377743908,-1.1682252425187278,-2.059787406852454
303,-1.3570494575740442,0.14501048306157882,12.0,0.5143068102118901,0.7249317021386311,-0.79661721046673,-1.4206007615389358,1.638226883467598,-0.2218853701054258,-0.8331087088476743
500,1.8848874011361214,-0.9787833058928149,36.0,0.5143068102118901,0.6331589028114396,-0.14129424877554037,-0.3172508087161222,2.5687008167123335,-0.6478534303665889,-0.20025513533275874
23,-1.1133642514443611,-1.0672384968664064,48.0,1.1325476142005315,-1.1473723406828944,-2.4141893067398663,2.808943138469129,7.194138207653107,-2.9913036035556524,-0.8331087088476743
171,-0.3308135496539379,-0.5082448638436045,52.0,0.5143068102118901,0.8873201362335487,-0.7351305947157644,2.808943138469129,4.034794214152112,-0.7916159515392639,-0.8331087088476743
262,-0.08090858185667348,-1.7197609402960035,39.0,0.5143068102118901,-0.06252827702235587,-0.008128596744636927,0.8666104215747982,1.739474259800353,0.0017872151725584714,-0.7957376658086224
367,0.46906181316620377,0.14501048306157882,6.0,-1.5893911240354683,0.043170089704203565,0.452891491145737,0.11603031023088808,-3.690359780301724,-0.8531282040794865,0.4429207299986044
42,-0.6089637749710304,-0.31741787082838235,20.0,0.5143068102118901,0.043170089704203565,0.014316748084099065,0.6449187370088142,1.9573185709486496,1.0052974069075413,-0.40148405643517865
106,0.009514261530046489,-1.921508416587057,43.0,0.5143068102118901,-1.6459190782737547,-0.3151626740108511,2.808943138469129,2.231911386561544,0.4855521740679513,-0.07195966895874252
212,1.8986848634872933,0.14501048306157882,15.0,0.5143068102118901,0.4894620809657894,-0.40071009750807657,0.016220012319642704,0.9481811508567263,0.6968718675998326,0.14042537826782406
501,-0.5514722765118067,-0.31741787082838235,37.0,1.7254802912688452,0.5421667933615673,0.40573578247556785,-1.88406550193742,1.8225717428549206,2.2539412530060523,-0.6126335627786857
336,-0.8883062482387757,-1.0672384968664064,16.0,0.5143068102118901,0.466961022058182,0.5716938473506715,0.4316088921195843,-3.1122765852937193,0.9367745417994101,0.8099590115165478
142,1.8703234283309595,-0.6551076439235256,2.0,-1.5893911240354683,-1.6459190782737547,0.5240195850788372,-0.4537405267567485,0.42931328362573856,1.8213832593737642,1.6353163064513818
493,-0.38178052901029474,0.09922592087606807,20.0,1.1325476142005315,0.9184989549239173,0.4292868892278906,-0.08068349646997834,-2.649288552766657,-0.45855047944127,-0.16772943044772914
431,-1.4282672918484032,-0.6446730857977406,16.0,1.7254802912688452,0.2815693365610342,-0.27205656902356246,0.6828869826426449,1.3093380950148474,-1.6207861944881,-0.3332730416498846
82,-0.5240409043859819,-0.48439729394297504,1.0,-0.14311759625335654,0.49697407771233293,0.3120805455241578,0.458936490761574,-4.618709617425221,-2.461196806132451,0.6923352698624137
384,-2.5841651840525413,-1.921508416587057,36.0,1.1325476142005315,0.5421667933615673,-0.7145562049067219,-0.20515413158975934,1.511522978329077,-1.1680771841437083,-2.059787406852454
116,0.3063579323020477,1.2636933198085172,6.0,-0.8487164477684818,0.7403008344673085,-0.27205656902356246,0.2621406039363322,-2.6971211066461693,-0.7910085642933292,-0.10357783183751283
479,1.324065390507806,-0.48439729394297504,4.0,-0.8487164477684818,1.1150738821004067,0.21934079832411754,-0.12799737383425874,-3.460987571130491,-0.43097806255587545,0.14042537826782406
311,0.3391954394394309,-0.7506361627107438,25.0,-0.8487164477684818,0.5044918596740503,-0.3151626740108511,-0.12799737383425874,1.2977420669837192,-0.41976259843108893,-0.16772943044772914
257,-1.3737414028927109,-0.08253582662995065,26.0,-0.8487164477684818,-1.6459190782737547,-0.20695590447023757,-0.4537405267567485,-1.4966336141112595,-0.01580070393768151,-0.5411868838716187
261,0.3391954394394309,1.144664671921605,36.0,0.5143068102118901,-1.6459190782737547,0.014316748084099065,0.016220012319642704,-3.6032574031010687,-0.0904873851197072,-1.101444784386409
148,-2.5841651840525413,1.037792420038582,9.0,0.5143068102118901,0.755690641505733,-0.3151626740108511,0.9654817681238894,1.0413340415325836,-1.8533640972820227,-0.4360040477712139
128,0.09261579290494044,-0.5082448638436045,20.0,-0.8487164477684818,-0.40275393235161505,0.2888077786519922,0.15844274455828367,-1.7515469692293748,1.8251651893566632,0.6440556509258191
455,-0.8277127364695723,-1.7197609402960035,12.0,-0.14311759625335654,-0.18701203864377808,0.2655930063171086,-0.1123124099982951,-3.462540961381045,-0.04420099213331445,0.16943282064150572
145,0.009514261530046489,0.7058713584002465,6.0,-1.5893911240354683,-0.5605840616211557,-0.3580442985826367,-1.574187252643042,-1.2913679965237557,0.560355675438898,-0.2661879993185477
164,0.009514261530046489,-0.6446730857977406,33.0,-0.14311759625335654,0.19400049393059193,-0.0750323007212294,-0.12016576535934952,2.323492199878162,-1.2442218290009757,-0.5058582795112435
277,-0.07109852352777384,-1.7197609402960035,16.0,-0.14311759625335654,-0.47679615199536857,0.38223886749507946,-0.8402417575084177,-1.9694935766849202,2.1933153901006164,-0.47079640824892327
216,-0.8883062482387757,0.9109482314578569,19.0,0.5143068102118901,0.3700753861078132,-0.09718895576376929,-0.04066980442190399,0.5271034476706767,-0.9937720912446633,-1.1407172299521833
432,-1.1376663320375748,-0.7506361627107438,19.0,0.5143068102118901,0.14337185169428546,-1.336058995912706,-0.24298221649232876,3.552264700256952,-0.9613927078904575,-1.7138142816806983
57,-0.8277127364695723,-0.48439729394297504,3.0,-1.5893911240354683,0.08593709084494412,-0.18513285739023722,-0.04871448567878131,0.10847171276856485,0.7210886227376032,0.3903926991406791
328,0.009514261530046489,-1.2137202695980112,5.0,-1.5893911240354683,0.7249317021386311,-0.14129424877554037,1.2292521702402592,0.7380741841091255,-0.300553254817259,-0.7217388876817619
198,0.009514261530046489,1.163905595109942,34.0,3.4080916432926105,0.9341172663100694,-0.22871665646798303,-0.00013638407277696303,-0.26827591301696424,1.646946366733727,-0.07195966895874252
494,1.324065390507806,-0.31741787082838235,21.0,-0.8487164477684818,0.6179384507994183,-0.5274903841605805,-2.129304107863195,4.742349057426906,2.8968824955879158,-0.4360040477712139
76,-0.9186509099606042,-0.2890293132815072,37.0,-0.14311759625335654,-0.501760679985244,-0.4431681218945269,1.794995770882717,2.1821209045192247,-3.038905954565773,0.4429207299986044
39,1.5530601028901025,-0.5082448638436045,15.0,-0.14311759625335654,-0.2551469309435467,-1.4917618289328287,0.6449187370088142,5.226250738775953,-2.9896363471733602,0.14042537826782406
325,0.6468471670251086,-0.6551076439235256,2.0,-0.14311759625335654,1.186535701236228,0.03683215114132258,-0.1822226289733615,-3.183443794602674,-1.8755770208513998,1.0981090204516502
209,0.3063579323020477,-1.0672384968664064,12.0,1.7254802912688452,-1.6459190782737547,0.5478315738431655,0.13293811527595795,-0.7390749746791329,-1.5049975597915046,0.28223225740785196
464,-1.1133642514443611,-1.0672384968664064,26.0,1.1325476142005315,-0.13199123555978043,0.2655930063171086,-0.1822226289733615,-4.25592404660336,-2.88122782155197,-0.07195966895874252
401,0.009514261530046489,-0.6551076439235256,18.0,-0.8487164477684818,0.08593709084494412,-0.7556651731937435,0.4044339178914844,0.39346620918525305,-0.950986425042436,-2.1039327175191893
444,0.009514261530046489,-0.9787833058928149,50.0,1.1325476142005315,0.23766466471827802,-0.5902390538706443,0.032657110391102015,-0.3009656105731211,-2.0234585974185353,-1.1407172299521833
447,1.1463010132719005,-0.08253582662995065,2.0,-0.14311759625335654,-0.40275393235161505,1.7671703132245506,-0.14359567148911015,-6.990475842611939,0.563561751933201,1.727771875003713
275,0.009514261530046489,-0.2890293132815072,14.0,-0.14311759625335654,-0.48205829909598397,0.3587968609460603,0.7788973587145555,-1.0974767874145908,-1.7573525766809683,0.30968213846732207
283,0.009514261530046489,-0.6551076439235256,24.0,0.5143068102118901,-0.06252827702235587,-2.062212853784137,-0.4537405267567485,6.897562936824685,-2.8653835678500954,-2.695220217479831
178,-2.0559931913592866,1.2636933198085172,5.0,1.1325476142005315,0.2143467629844898,-0.548452236608922,-0.5302789375651694,0.02465008303255447,0.20419398571366135,-0.6126335627786857
399,-1.156521171517277,-0.0368558743670645,13.0,0.5143068102118901,0.5799831722918514,0.1963051065311632,0.8666104215747982,0.21304229022360674,-1.2971043119779222,0.021014874969715543
392,0.009514261530046489,-1.11236621271147,5.0,-0.14311759625335654,-1.6459190782737547,-0.5693682071318444,-0.23545485274120773,-2.111327562134255,-0.4483008976012573,0.30968213846732207
364,0.009514261530046489,-1.11236621271147,3.0,-1.5893911240354683,-1.6459190782737547,-0.40071009750807657,0.15844274455828367,-1.878239175323215,-2.353942860279061,-0.4360040477712139
101,-0.9186509099606042,1.916455608668105,25.0,0.5143068102118901,-0.7026873693663558,-0.6939414048735928,-0.2127583623895184,2.06989813420569,2.090535035551196,-1.5042685720240931
323,1.8708917491228632,1.144664671921605,0.0,-0.14311759625335654,-1.6459190782737547,0.6917392579967832,-0.7114420639444932,-5.079087377161511,1.0753866137310952,0.6923352698624137
426,-0.5240409043859819,-0.6446730857977406,10.0,-0.14311759625335654,1.8695387901295304,-0.25041644999352697,-1.1867568461184115,1.2954164353422406,0.7594647489626707,-1.545755162920553
172,0.9590443649772767,1.037792420038582,54.0,0.5143068102118901,0.8951075788208576,1.283301459627191,0.9555287459966577,-3.067204549298378,-0.5781874457903459,1.424825675024655
438,0.3391954394394309,1.144664671921605,32.0,1.7254802912688452,-1.6459190782737547,-0.22871665646798303,-1.3814658960829587,0.1430901673817439,1.6550678152938183,0.16943282064150572
117,0.9590443649772767,0.09922592087606807,7.0,-0.14311759625335654,0.5346204077342891,-0.40071009750807657,-0.1044374056809927,0.7199199421843735,-0.3650806207498976,-0.3332730416498846
232,0.009514261530046489,-1.2137202695980112,52.0,-0.14311759625335654,1.8695387901295304,-0.0750323007212294,-1.0742927082407288,5.4679312838761485,-0.2432754929289783,0.1110753946170112
121,1.5645666207156232,1.916455608668105,11.0,-0.8487164477684818,0.29625657477116235,-0.22871665646798303,2.808943138469129,4.828510074686311,-0.2428230230976341,0.5451806272597743
214,0.3063579323020477,1.7702807219252445,17.0,0.5143068102118901,1.1388546765556595,0.9845239641941917,0.2533982194763173,-1.6575739644767724,0.6297659212118879,0.8785867681349886
296,0.6101166525343914,0.14501048306157882,3.0,-0.8487164477684818,-1.6459190782737547,0.5956058130034545,-0.8592054005162058,-1.1835248627590629,1.0725292226958103,0.28223225740785196
246,-1.6128585540822395,1.0657456805207497,14.0,-0.8487164477684818,-1.6459190782737547,-0.14129424877554037,-0.2803408326723361,1.689754423809108,2.449649629335824,0.5950179285166743
324,0.3063579323020477,-1.921508416587057,1.0,-1.5893911240354683,-0.09735836474244187,-0.008128596744636927,0.16698211253197964,-2.6305601295215397,-0.19259060426153687,-0.07195966895874252
252,0.10802424343067549,-1.7197609402960035,20.0,-0.8487164477684818,0.786531740871134,0.3120805455241578,1.08603963218584,-1.643668111029202,-0.38692982308894625,0.7162027737462083
307,0.009514261530046489,0.7636219386127739,19.0,0.5143068102118901,-0.501760679985244,0.9107387070398667,-1.0982043055352375,-0.9579822288787165,1.9917947912451912,0.14042537826782406
326,1.8986848634872933,2.402301219641901,3.0,-0.8487164477684818,0.16502793614281944,2.447933004840711,1.1063315126097175,-6.322183319705621,-1.6387154527735242,2.3295712092244836
337,0.009514261530046489,-0.5082448638436045,17.0,-0.8487164477684818,0.29625657477116235,0.1963051065311632,0.4956082373738954,1.7053460008838826,0.6540979931250576,-0.2661879993185477
490,-1.865599669167003,-0.0368558743670645,16.0,1.1325476142005315,0.0716514904952295,-0.3794036596489324,0.07409859160598924,-0.6688472977975749,-0.18264810875059495,-0.3672393771706986
291,-0.772246617267545,-0.6446730857977406,46.0,0.5143068102118901,-0.6189976490211399,-1.1786051589183064,-1.812078976601845,3.631429648481007,-0.6542018492564861,-1.4629961911441742
124,0.3063579323020477,-0.15489371687432948,16.0,1.1325476142005315,-1.6459190782737547,-0.27205656902356246,0.3149720609347967,-3.358513373486842,-0.5057999532705465,0.30968213846732207
412,0.009514261530046489,-0.8997465087974682,40.0,0.5143068102118901,0.37749170845035973,-0.3151626740108511,0.008031684249543598,1.188043153332861,-1.6192368326564486,-0.9850200116148562
10,0.009514261530046489,1.7702807219252445,14.0,-0.14311759625335654,1.1150738821004067,0.2655930063171086,0.19271270638282245,0.9006016787497375,1.3494745060302604,-0.7957376658086224
317,0.2716867793347382,0.09922592087606807,34.0,-0.14311759625335654,-0.9693173346570104,0.1275707554989759,-1.0742927082407288,4.602414474153653,1.9461401468255894,-1.3000795567259398
54,0.3391954394394309,0.09922592087606807,45.0,0.5143068102118901,1.0913333390043911,0.24243706018391192,0.7499324212582077,0.5512626087509049,-0.0706185315500919,0.14042537826782406
476,0.6101166525343914,0.3415952557895638,1.0,-0.14311759625335654,-1.6459190782737547,0.1963051065311632,-0.8780807577613556,-0.7957773743318042,0.5330556230492589,0.6196340567770743
373,0.009514261530046489,-0.5082448638436045,14.0,-0.8487164477684818,-1.6459190782737547,1.033922406565987,-0.7048882482750769,-1.5077981238265636,2.4638275979322364,1.5789135228029607
140,0.46906181316620377,-0.15489371687432948,0.0,-1.5893911240354683,1.0518561332685497,2.2627092930717643,1.364632824840518,-5.24014413632538,-0.7846426913656954,1.9073222557076162
442,0.10802424343067549,1.144664671921605,45.0,-1.5893911240354683,0.18384749911544448,-0.8170357876973955,-0.009911202771795963,9.258459526348307,-7.849970874037511,-0.2661879993185477
29,1.8703234283309595,1.037792420038582,5.0,0.5143068102118901,-1.6459190782737547,0.7158913006250505,-0.5849059105207683,-2.868750818029677,2.5372808421124695,0.7634153884909294
130,0.46906181316620377,-1.0672384968664064,25.0,1.7254802912688452,-0.5109387121835673,-0.7351305947157644,0.19271270638282245,6.575634620349256,-2.476460514517066,-0.0406519843737509
60,1.8703234283309595,-0.7506361627107438,6.0,-0.8487164477684818,-0.32798422626892487,-3.7679477972342634,-3.764651743162347,5.929902153219327,-2.8232458361675365,1.0767447938368562
205,0.009514261530046489,1.2636933198085172,6.0,-0.14311759625335654,1.354640400861148,0.9598868244837212,1.5022557554384774,-5.9326833108883585,-1.6371847285633365,2.181520315570561
14,-1.0890541658455068,-1.921508416587057,20.0,0.5143068102118901,-1.3117733587529823,-0.7351305947157644,-2.129304107863195,3.4164441226158964,1.3988013653629023,-1.3000795567259398
370,0.009514261530046489,-0.0368558743670645,11.0,-1.5893911240354683,-0.7206111539632988,-1.4529923154730786,-1.163310986564016,5.541807329228406,1.1862496100044575,-0.8331087088476743
400,1.414133573095414,1.8873942659101421,17.0,1.1325476142005315,-1.6459190782737547,0.8617615711353733,-0.1123124099982951,0.07717938532754479,1.5632544789512217,1.1823744553572557
288,0.6101166525343914,-0.5082448638436045,34.0,0.5143068102118901,0.20416694411728048,-0.20695590447023757,-0.5026435149620528,-0.11326943158591188,1.5106812721478147,-0.47079640824892327
353,-1.22342097055721,-0.7506361627107438,38.0,-0.8487164477684818,-0.930592124861481,-2.7239513846251326,0.19271270638282245,7.272476744675073,-5.097077885632908,-0.6851157034471994
280,0.09261579290494044,-0.9787833058928149,20.0,-0.8487164477684818,0.5346204077342891,-0.9185753389488863,0.8862668685220461,-0.3847001735750548,-1.839417549458116,-1.756350149876648
184,-1.3737414028927109,-0.08253582662995065,11.0,-1.5893911240354683,-0.930592124861481,-1.0991717328914403,-0.6719475477210709,2.582426175024548,-0.6755806872639865,-1.6714854549822045
188,0.6157226893226296,-1.2137202695980112,15.0,-0.14311759625335654,-0.48205829909598397,-2.248270642711845,-2.33202973225005,6.268601950351827,-2.676449193160327,-1.3404796266711678
496,0.009514261530046489,1.0657456805207497,24.0,-0.14311759625335654,-0.5318784020066606,-0.5693682071318444,-0.9403799259818275,-0.5953287297174112,1.1045660050445911,-0.6851157034471994
192,-1.865599669167003,0.8365603811367598,19.0,-0.14311759625335654,0.9889311340850047,-0.79661721046673,0.44070120475425134,3.890536475311374,-0.24513420115928936,-1.421939537102187
236,0.3391954394394309,1.916455608668105,3.0,-0.8487164477684818,0.08593709084494412,0.6917392579967832,0.7885828574723037,-5.040074743951968,-2.901030477881372,2.046292926681563
285,0.3391954394394309,-0.2890293132815072,26.0,0.5143068102118901,-0.3494241594675737,-0.4431681218945269,0.47723897340725646,1.5228359790481074,-0.006822957724113021,-0.6487464535075008
157,0.009514261530046489,0.14501048306157882,22.0,1.1325476142005315,0.4146652138691876,1.358857443989879,0.6733713315900584,-2.925716047227985,0.4739161929661147,0.7634153884909294
49,1.6598107511294844,0.7636219386127739,34.0,0.5143068102118901,0.05739572044635249,1.6386394683695602,0.008031684249543598,-3.3383618481214707,1.4981096119911288,1.405165059197648
341,1.5530601028901025,1.037792420038582,22.0,1.7254802912688452,0.18674697667581902,-0.42196460021629123,0.386402782182418,-0.6695206149278754,-0.36488970254842656,-0.5058582795112435
204,-0.08090858185667348,1.037792420038582,3.0,-0.8487164477684818,-0.027494644231945614,1.434740882079949,0.17554027515372853,-6.582118235457576,-1.5834441051713046,0.8558644208056628
150,-0.9186509099606042,-0.6551076439235256,11.0,-0.8487164477684818,0.5421667933615673,0.40573578247556785,-0.00013638407277696303,0.037600056061548495,-0.38300463266710644,0.08138691811444093
297,0.46906181316620377,-1.921508416587057,4.0,1.1325476142005315,1.8695387901295304,0.014316748084099065,0.3149720609347967,-1.9460377270407805,0.21976267194130336,-0.4360040477712139
264,-0.7537976800176819,-0.5082448638436045,46.0,-0.14311759625335654,-1.6459190782737547,-0.29363824788349574,-0.24298221649232876,2.4909389334456407,3.5872723519004612,-1.0624031831410268
499,1.5645666207156232,0.14501048306157882,32.0,1.1325476142005315,-0.15405623881956543,-1.336058995912706,-1.0742927082407288,3.023442712772135,0.4748832362160338,-1.0624031831410268
421,-1.3737414028927109,0.9109482314578569,3.0,-0.14311759625335654,0.23766466471827802,0.6435765247468042,-0.12016576535934952,-4.231326623725374,-0.7309052699137599,0.6682877742752453
190,1.8703234283309595,-1.11236621271147,17.0,-0.14311759625335654,0.1217796330423642,-0.3151626740108511,0.1414206745650549,-1.7183991350969832,-1.809752449744977,0.9011600595448208
161,0.009514261530046489,-0.9787833058928149,27.0,1.1325476142005315,0.1217796330423642,-0.9185753389488863,0.4225335374602787,0.3595298973371296,-2.4070015772244986,-1.7138142816806983
74,0.3391954394394309,0.8365603811367598,29.0,-0.14311759625335654,0.1002522193874753,-0.8577607455174224,-0.6186290218888559,3.603302371110051,-1.4195856269496154,0.1110753946170112
144,0.009514261530046489,0.09922592087606807,4.0,-0.8487164477684818,-0.4173538196280225,0.788624038403301,0.5418208990151349,-3.933893017790956,2.269098583200154,1.5977944647262843
169,0.009514261530046489,-0.8997465087974682,48.0,0.5143068102118901,-0.7983055934288064,0.10478680761218018,0.5140438739287553,0.4245992577959193,1.3878654594825457,-0.4360040477712139
99,-1.0433172844312204,0.7636219386127739,23.0,-0.14311759625335654,0.7711009880604036,0.10478680761218018,0.915862461851203,-0.6682055083221694,0.007419997033855376,0.021014874969715543
449,-0.38178052901029474,1.2636933198085172,4.0,-0.14311759625335654,0.5421667933615673,0.3587968609460603,-0.42547489135721633,-4.776716078453368,-1.6736148887315494,0.6682877742752453
15,-0.314459874926955,-0.8997465087974682,23.0,-0.14311759625335654,0.37749170845035973,-0.79661721046673,1.177793289134903,-0.15432147894981815,-0.945963689054417,-2.015838924085281
43,0.9184065044957213,0.14501048306157882,21.0,-0.8487164477684818,0.3552613201531126,0.3587968609460603,-0.00013638407277696303,-0.8032954124228655,0.10467825026620729,0.7867688425391438
380,0.009514261530046489,-0.7506361627107438,26.0,-0.8487164477684818,0.07879058092309157,-0.7145562049067219,2.187700267465897,3.8243291259835703,-2.599293281109211,-0.7957376658086224
375,0.8900919168160778,-0.9787833058928149,18.0,-1.5893911240354683,-1.6459190782737547,-1.4529923154730786,2.808943138469129,4.460291667761377,-3.769881895215451,0.16943282064150572
461,0.3063579323020477,-0.6446730857977406,19.0,0.5143068102118901,-0.5722989329950864,0.33541050044491794,-0.8592054005162058,-1.2784270610865365,2.017354987329422,0.22645449538903573
368,-0.8277127364695723,-0.8997465087974682,8.0,-0.14311759625335654,0.5270797004378365,0.2888077786519922,0.13293811527595795,-5.078080373695408,0.2491660202352262,0.4429207299986044
498,-1.6128585540822395,-0.7506361627107438,28.0,2.2999378424051717,6.35904527746237,-0.6525880925110288,-0.18988645583072086,2.8151179788653167,1.8188179908692854,-2.1928091148412556
58,0.009514261530046489,-0.6551076439235256,4.0,-1.5893911240354683,0.3997775316220897,-1.3556145485278794,-0.7375453210437133,0.7340885469948086,-2.3093894675768425,-2.1039327175191893
395,-1.9890165435382465,-0.6446730857977406,9.0,0.5143068102118901,0.33308705242337927,-0.6110655118785697,0.5140438739287553,-2.353946945247828,-2.1482453250257625,-1.0624031831410268
167,0.009514261530046489,0.8365603811367598,41.0,1.7254802912688452,1.0518561332685497,0.15041912345218802,0.8764312250505941,1.6171068169355558,2.1507005295774606,-0.13550239668058106
220,-0.6088005308348513,0.14501048306157882,25.0,1.7254802912688452,-0.4833732949468885,0.3587968609460603,-0.5984329136342104,-4.667487434763809,0.8938799430777812,0.46882471370698936
174,0.09261579290494044,-0.8997465087974682,1.0,0.5143068102118901,0.42957704337972935,-0.3151626740108511,0.7211056868230636,-1.6383018721896876,-1.202299742943324,-0.6487464535075008
267,0.09261579290494044,-0.08253582662995065,3.0,-0.8487164477684818,0.519544692499852,0.08206832735356082,0.04090571399105253,-1.8241802357865595,-2.034608068602083,0.9680173210763506
75,-0.6089637749710304,-0.15489371687432948,32.0,1.1325476142005315,0.8174539416333287,-1.3751430618756446,-0.8968693287113922,4.35925574433391,0.43920096872357367,-0.3672393771706986
147,1.5645666207156232,0.7058713584002465,8.0,-0.14311759625335654,0.33308705242337927,0.6195668931976454,0.5418208990151349,-2.2321918522939455,-3.1196634497837463,1.3255724672986766
465,0.009514261530046489,0.8365603811367598,27.0,-1.5893911240354683,0.466961022058182,-0.1192757204970219,-0.3969665109246683,-3.121828205830046,-1.8358109950489474,1.0981090204516502
502,0.09261579290494044,1.144664671921605,42.0,-0.14311759625335654,-1.6459190782737547,-1.7984510151893733,-1.4814882670255902,6.213813903491675,-3.1125191261722716,1.3655618684327588
255,0.009514261530046489,-1.2137202695980112,24.0,-0.8487164477684818,0.8174539416333287,0.15041912345218802,0.7211056868230636,-1.0381745280749484,1.209184137283722,0.25449320313840973
6,1.8708917491228632,0.09922592087606807,8.0,-0.14311759625335654,0.2522731510440997,-0.008128596744636927,-1.2332947743435145,0.9737158827767651,3.6496039222059666,0.9680173210763506
152,0.009514261530046489,0.8365603811367598,14.0,-0.8487164477684818,0.871759864194392,1.033922406565987,0.3954097620126209,-2.9072776644668665,1.5169608977347033,2.080437445763661
226,0.5151619030566164,0.8365603811367598,36.0,-0.8487164477684818,-1.6459190782737547,1.3084499049063947,-1.2158975632180276,-3.64788631856194,2.2068754457780755,0.7162027737462083
215,1.8986848634872933,-1.921508416587057,18.0,-0.14311759625335654,-0.2754551988941199,-0.27205656902356246,1.0054385835952964,2.2653412672385604,-1.1627002286584782,0.7867688425391438
98,-0.8277127364695723,-1.0672384968664064,22.0,0.5143068102118901,0.3257082223166985,-0.9790740780083083,1.2086274565177892,4.217557338061795,1.793766396590033,-1.8851865601077744
248,1.4766474555480822,-1.0672384968664064,16.0,0.5143068102118901,-0.2754551988941199,0.9107387070398667,-0.4537405267567485,-1.876497469959919,1.0060064526909986,0.46882471370698936
276,-0.6088005308348513,-0.6446730857977406,15.0,0.5143068102118901,1.0597424784428238,-0.14129424877554037,0.7885828574723037,0.22887527262062307,-0.9064459355780835,-0.29958817474745186
105,-1.3737414028927109,0.3415952557895638,38.0,1.1325476142005315,-1.6459190782737547,0.6917392579967832,-0.12016576535934952,1.1858191182052356,2.893082782301066,0.8099590115165478
183,-1.3737414028927109,1.916455608668105,10.0,0.5143068102118901,0.11316083736097829,-1.0991717328914403,-1.4814882670255902,3.7767279976662143,2.722844719322141,0.7398947272852698
244,-1.3737414028927109,-1.0672384968664064,12.0,1.1325476142005315,0.8484562147960379,-0.6939414048735928,-0.23545485274120773,-0.9526362032464811,-0.5974698637579696,-1.421939537102187
249,0.6157226893226296,-0.6446730857977406,17.0,-0.14311759625335654,-0.1609359082691151,1.1332052529825796,-0.5026435149620528,-1.322943860809949,1.459994001884894,1.3456162354666188
118,1.5645666207156232,-0.2890293132815072,8.0,-1.5893911240354683,1.8695387901295304,2.315490682950949,-2.1488934298918965,-3.6663312514373843,3.658140411086064,1.8184020026971939
206,-0.8277127364695723,0.9109482314578569,7.0,0.5143068102118901,-1.6459190782737547,0.6435765247468042,-0.38980057273871077,0.29060310379631304,1.8148664093156792,0.6682877742752453
112,1.324065390507806,-0.6446730857977406,2.0,-1.5893911240354683,0.9497546914753687,0.3120805455241578,0.5140438739287553,-3.605852441916105,-1.3876069970471414,1.1193518521611767
16,0.009514261530046489,0.09922592087606807,26.0,0.5143068102118901,-0.7729028268654923,-0.1632461227619358,-0.3025393884387079,-0.17254228626123438,1.8080250512297653,0.8099590115165478
419,0.009514261530046489,1.2899183134442413,0.0,0.5143068102118901,1.8695387901295304,2.052735741971514,0.7499324212582077,-6.103382175118664,1.0583193044342525,2.011914713308278
304,0.9184065044957213,-0.6551076439235256,13.0,-0.14311759625335654,-1.6459190782737547,0.6917392579967832,-0.3969665109246683,0.9883602044285569,1.8603314309069645,0.16943282064150572
469,-1.4282672918484032,1.2899183134442413,32.0,1.1325476142005315,-0.4557126666159116,-0.5902390538706443,-0.6186290218888559,1.46618702300239,-0.5571536006493234,-1.421939537102187
19,-0.314459874926955,-0.7506361627107438,31.0,-1.5893911240354683,-1.6459190782737547,1.1332052529825796,-0.5508629717908758,-1.082256996692617,1.7372529483887371,1.3054289251453228
230,0.3063579323020477,-0.15489371687432948,45.0,0.5143068102118901,0.1002522193874753,0.014316748084099065,-0.4537405267567485,4.660581814622692,1.1818160721008117,-0.3332730416498846
486,-1.5840960844163545,-0.6446730857977406,11.0,1.1325476142005315,-1.283926342716522,0.8129588630238576,-1.175048888377013,0.4159526203621864,2.8663833356631576,0.198104990524224
382,1.1463010132719005,-0.15489371687432948,29.0,0.5143068102118901,-1.6459190782737547,1.1332052529825796,-1.2851039381014657,-0.9644473871497748,2.4607174406408583,0.4944982549318248
7,0.27070822416626605,1.144664671921605,9.0,-1.5893911240354683,0.8873201362335487,0.40573578247556785,-0.5508629717908758,1.4576652633783143,2.0332253807234246,-0.6126335627786857
329,1.5645666207156232,0.09922592087606807,6.0,-0.14311759625335654,0.49697407771233293,0.9845239641941917,-0.1668340182936986,-4.592772198080573,0.28789496572970374,0.5950179285166743
160,0.2716867793347382,1.7702807219252445,25.0,-0.14311759625335654,0.7633932557171078,0.38223886749507946,-2.0054357752912173,2.8911012880445153,0.6630434195360564,-0.13550239668058106
351,-0.10859052430112466,-0.7506361627107438,36.0,1.1325476142005315,-0.6215846026931936,-0.008128596744636927,-1.163310986564016,3.5015826022771153,2.3947383634501103,-0.009659006438494391
134,-2.0559931913592866,0.09922592087606807,36.0,0.5143068102118901,1.8695387901295304,0.8617615711353733,0.7982835483458954,0.794657944786024,3.1909498518638877,-0.9085831388278712
467,-0.8277127364695723,1.2636933198085172,29.0,-0.8487164477684818,0.6331589028114396,1.1332052529825796,0.4134751946209889,-3.36225885626716,-0.7267385052657098,1.385410959691845
46,0.009514261530046489,-0.7506361627107438,26.0,1.1325476142005315,-1.0426258342475565,0.2655930063171086,-0.3537314250811425,-1.514181109784355,1.5409671506851799,0.7634153884909294
122,0.3063579323020477,1.144664671921605,13.0,0.5143068102118901,-1.6459190782737547,1.434740882079949,-1.2965407939776774,-0.5493873182417631,1.5650137954165502,0.8558644208056628
423,-1.4282672918484032,-1.11236621271147,7.0,-0.8487164477684818,0.2698382701341773,0.05941640009077359,-1.4814882670255902,1.8378452772243932,1.83203136404238,0.46882471370698936
310,-0.38178052901029474,-0.15489371687432948,24.0,-0.14311759625335654,0.15058349582773717,-0.9991722590447152,-0.1044374056809927,3.8298421654736456,-0.546945557423375,-0.47079640824892327
38,-1.3737414028927109,-0.6446730857977406,14.0,-0.8487164477684818,0.4146652138691876,-0.8577607455174224,-0.6851584479370845,2.3940121020257483,0.5719625961973491,-0.3672393771706986
459,-1.6128585540822395,-1.7197609402960035,17.0,1.1325476142005315,1.8695387901295304,-0.33663099051956047,-0.20515413158975934,-0.8625381982081525,0.06144313709214087,-2.695220217479831
293,0.6157226893226296,1.144664671921605,53.0,-0.14311759625335654,1.2903802444047396,0.9352916026903083,0.458936490761574,-1.6029814382111267,-1.6938365178108836,0.5702019681350742
91,-0.10859052430112466,-0.5082448638436045,12.0,0.5143068102118901,0.6789497352733659,0.6917392579967832,0.7499324212582077,-2.917424679746245,0.6053948269601055,0.5451806272597743
478,-1.1133642514443611,0.14501048306157882,3.0,0.5143068102118901,-0.02046362102143136,-0.27205656902356246,-0.00013638407277696303,-1.582645825142332,-1.4808600017416682,-0.13550239668058106
217,0.3391954394394309,1.8873942659101421,20.0,0.5143068102118901,1.0597424784428238,1.009202622070077,1.1470833552471975,-3.4519117563151256,-1.400876198701149,0.6440556509258191
376,-1.0890541658455068,-0.48439729394297504,19.0,0.5143068102118901,0.3849141900736653,0.5240195850788372,-0.34646877297656803,-2.2932466015316924,-0.9090552267182856,0.16943282064150572
123,0.009514261530046489,-0.48439729394297504,14.0,-1.5893911240354683,0.10742076415031294,0.05941640009077359,-1.0802827028932265,-2.8323070296038577,0.2469119134561615,-0.6487464535075008
36,1.8703234283309595,1.0657456805207497,12.0,-1.5893911240354683,0.6179384507994183,-0.0750323007212294,1.0355571719599874,-3.600071973615689,-1.6356272761673245,0.9235875254074546
199,-1.6128585540822395,0.7636219386127739,38.0,0.5143068102118901,1.0046345710590983,0.2888077786519922,0.35948545795233566,-4.007802508818378,0.530786920649051,-0.5767795206572812
422,-0.08090858185667348,-0.15489371687432948,5.0,-1.5893911240354683,0.4146652138691876,-0.29363824788349574,0.6449187370088142,-1.8986570900525916,-3.1879608309754515,-1.421939537102187
2,-1.1619605030108853,1.163905595109942,4.0,0.5143068102118901,0.20852809166183553,-0.8780681589373168,-0.8339006584489621,0.515315756533256,-1.9824349953589673,-0.6851157034471994
429,-1.156521171517277,-1.0672384968664064,13.0,1.1325476142005315,0.19400049393059193,-1.3946448196903751,0.19271270638282245,5.49132971726366,-0.25843821410679446,-0.8707245798239963
391,1.1057741382614625,-0.9787833058928149,4.0,0.5143068102118901,0.3109696099318598,1.283301459627191,0.16698211253197964,-5.626590879345378,-1.14679012128843,2.0974237169752357
320,0.009514261530046489,-0.6551076439235256,46.0,-0.14311759625335654,0.5421667933615673,1.283301459627191,-0.4112515267811173,-2.944393903742624,2.0333085101299404,1.2238225500895896
394,0.2716867793347382,1.144664671921605,7.0,-0.8487164477684818,-0.14579085105596157,-0.030502623551903606,0.7982835483458954,-2.0214880233097166,-3.1187932192081256,0.36375330622919894
47,0.3391954394394309,1.2636933198085172,29.0,-1.5893911240354683,1.8695387901295304,1.536414736242584,0.3594854579523346,4.518115682803352,4.766018727620533,0.198104990524224
223,-1.22342097055721,0.7636219386127739,28.0,1.1325476142005315,0.9732464190559768,0.6195668931976454,0.7306991730536365,-1.1494513215707605,0.19136976163929015,-0.20025513533275874
28,1.1463010132719005,-0.48439729394297504,4.0,-0.8487164477684818,0.6636646939437835,-0.6110655118785697,1.740097299534223,-0.026605082993653984,-0.3256031070600118,-1.1802186961136483
200,-1.4358725140008222,-1.0672384968664064,39.0,-0.8487164477684818,-1.6459190782737547,-1.3946448196903751,0.5140438739287553,3.481759951413231,-3.0323284863372466,-0.5767795206572812
21,0.009514261530046489,1.2636933198085172,37.0,-0.14311759625335654,0.5421667933615673,-0.7761605228516496,0.4956082373738954,1.353686832533172,0.6117609383935579,-2.327570991093963
173,1.8703234283309595,-0.6446730857977406,0.0,-0.8487164477684818,0.26690811923194424,0.8373381922881956,0.3327247505006203,-5.491739710001639,-3.063749423614086,1.3054289251453228
20,-0.6089637749710304,1.144664671921605,35.0,1.7254802912688452,1.0913333390043911,0.6195668931976454,1.291452908445101,-3.128221069486552,-0.736929689114593,0.7398947272852698
31,-0.8277127364695723,-0.2890293132815072,7.0,-1.5893911240354683,0.34786362755757283,-0.7556651731937435,0.4956082373738954,-1.394051305964371,-2.0150664790131256,-1.9285372684954551
86,-1.9890165435382465,-0.2890293132815072,7.0,-0.8487164477684818,0.43704195383043976,-0.6110655118785697,0.3684405737831782,-0.11070463611653168,-0.6999249824770751,-0.6487464535075008
63,0.009514261530046489,-0.48439729394297504,9.0,-0.8487164477684818,0.021888848387015387,0.3587968609460603,-1.192599683716609,-4.016250040107798,-2.3018993085042867,0.28223225740785196
347,1.324065390507806,0.7636219386127739,29.0,0.5143068102118901,-0.6215846026931936,0.740089775500613,-1.0381805472593306,-1.2953958051672954,2.9729166514713987,1.2851839230944795
271,0.3063579323020477,1.2636933198085172,7.0,-0.8487164477684818,-0.9505975173089574,1.1830838175109293,-0.3969665109246683,1.5454442772459056,3.380747708568709,1.521776542951982
363,1.5645666207156232,0.14501048306157882,2.0,-0.14311759625335654,1.0992423603108743,0.6195668931976454,1.2706651378681377,-3.213024211964246,-1.5777514309523488,0.30968213846732207
81,-1.1376663320375748,-0.7506361627107438,45.0,0.5143068102118901,0.3997775316220897,1.1083247220979435,0.9257570894796457,-3.14497080312462,-1.0378092076224619,0.5451806272597743
381,0.8552869765528679,0.8365603811367598,27.0,0.5143068102118901,1.1229963576851312,0.4765489108245051,0.2186105930846069,0.3301542847357496,0.06993489586358714,0.05136509811350325
229,-0.8277127364695723,1.2899183134442413,43.0,-0.14311759625335654,0.8174539416333287,0.4292868892278906,0.3684405737831782,-0.6908202097505093,0.3148594267102615,-0.2661879993185477
9,-2.0559931913592866,-1.921508416587057,11.0,0.5143068102118901,0.4744555309498938,-0.5274903841605805,0.5232864559570967,0.05894227190674545,-0.6321171232713025,-0.8707245798239963
358,-1.1619605030108853,-0.5082448638436045,48.0,1.1325476142005315,0.5421667933615673,0.40573578247556785,0.20995948891559588,-2.0212085470756183,0.4721629650381022,-0.4360040477712139
322,0.3391954394394309,0.7058713584002465,48.0,0.5143068102118901,-0.4120479918680737,-0.79661721046673,-0.8968693287113922,3.4768843002020984,2.7213608932270494,-0.9850200116148562
410,-0.8277127364695723,-0.7506361627107438,31.0,1.1325476142005315,0.5421667933615673,0.10478680761218018,-0.17453854949929673,2.310832640623808,0.2616150217196614,-0.7217388876817619
503,-0.3308135496539379,-0.2890293132815072,43.0,1.1325476142005315,-1.6459190782737547,-1.5497279803240336,-0.8275495202322096,4.05434780032106,-1.6362359276288303,-0.3672393771706986
170,1.8703234283309595,-0.48439729394297504,51.0,1.1325476142005315,-1.6459190782737547,-0.7145562049067219,-1.6226072693780118,4.354777382219614,1.104206155473016,-2.555960509942538
481,0.2716867793347382,-0.15489371687432948,6.0,-0.14311759625335654,-1.6459190782737547,0.08206832735356082,0.5884421926541409,-1.8742807028257538,0.1599284137418114,-0.13550239668058106
327,0.3063579323020477,0.7058713584002465,4.0,-0.14311759625335654,0.7326136754379512,0.452891491145737,-0.016411398616864935,-3.7354102810105427,-2.6705555497255147,-0.009659006438494391
309,-0.551979600626105,-0.08253582662995065,23.0,-0.8487164477684818,0.863987064749599,1.4601067679736048,1.5880350170383204,-0.00870868358524041,-1.6194745010330682,1.1193518521611767
437,-0.10859052430112466,-1.921508416587057,27.0,1.7254802912688452,0.755690641505733,-0.5064818674792195,0.7211056868230636,2.9448206244397044,-0.9517558001317548,-0.29958817474745186
452,0.009514261530046489,-0.15489371687432948,7.0,-0.8487164477684818,-1.1338726232723397,-1.8363799233595761,-2.9366430559825987,4.905645054837371,-0.2715983609738684,-1.4629961911441742
51,0.3011130839763103,-0.9787833058928149,39.0,0.5143068102118901,1.5489871261099637,-0.18513285739023722,-0.4537405267567485,-0.3528957896070965,0.5643645688068312,-0.4360040477712139
265,0.2716867793347382,-0.0368558743670645,1.0,-1.5893911240354683,0.20852809166183553,0.8373381922881956,1.3751403907385016,-5.453126707811674,-2.0103362899897035,2.378026737844093
440,0.009514261530046489,0.9109482314578569,40.0,1.1325476142005315,-1.6459190782737547,-1.1786051589183064,-0.7375453210437133,5.861623539636082,-2.0665474245704614,-0.3672393771706986
483,0.009514261530046489,1.144664671921605,8.0,-0.14311759625335654,-0.5266484881954635,-1.316476114618357,-2.6112288157133827,4.317446637445076,-0.3916259818046251,-0.6126335627786857
102,1.8356810646154482,-0.6551076439235256,26.0,-0.14311759625335654,-0.9693173346570104,0.15041912345218802,-1.5253178146949726,2.342716588400372,1.842700379229609,1.8004162818484426
270,1.324065390507806,1.163905595109942,6.0,-0.14311759625335654,-0.44250680661756975,-0.8374167916668542,0.6449187370088142,-1.111454014731439,-2.4720988067121605,-0.6851157034471994
18,0.009514261530046489,1.2636933198085172,29.0,-0.14311759625335654,-0.478112013816736,-1.433569176235451,-2.4870071730550585,3.6242701118741016,2.0822027119757256,0.16943282064150572
315,1.1057741382614625,1.2899183134442413,31.0,1.1325476142005315,0.5421667933615673,-0.9589421585657781,2.808943138469129,5.719736395649575,0.9065891754432904,-0.3672393771706986
354,0.009514261530046489,1.2636933198085172,39.0,-0.8487164477684818,0.6027398301876912,-0.25041644999352697,-0.12016576535934952,0.259151839684355,-1.2056767891243263,0.5950179285166743
349,0.009514261530046489,-0.6551076439235256,33.0,-2.3567124901580105,-0.06252827702235587,0.3587968609460603,0.19271270638282245,3.3572971896816104,-0.40383954791643445,-0.23307584132355258
143,0.2716867793347382,-0.15489371687432948,3.0,-0.8487164477684818,-1.6459190782737547,0.24243706018391192,-1.1867568461184115,-2.3601593306972064,-0.1286133867721521,0.46882471370698936
61,-1.0433172844312204,1.037792420038582,7.0,-0.14311759625335654,0.4594723871417545,-0.9991722590447152,1.2292521702402592,2.3288682514342836,-1.0375079709618393,-1.756350149876648
393,-1.3737414028927109,0.14501048306157882,6.0,1.1325476142005315,0.9810864294772017,0.1963051065311632,0.6828869826426449,-4.457402154346467,-2.5053705618658806,-0.3332730416498846
269,0.009514261530046489,1.144664671921605,5.0,-0.8487164477684818,0.19400049393059193,-0.20695590447023757,1.0456252736254097,-2.4083072870458997,-0.9659883449126236,-0.9085831388278712
108,0.009514261530046489,-0.9787833058928149,48.0,1.7254802912688452,0.4894620809657894,-0.1632461227619358,1.0355571719599874,0.6421332509856175,0.3376811114948721,-0.7217388876817619
155,0.3011130839763103,1.144664671921605,18.0,-1.5893911240354683,0.01481051814477778,0.452891491145737,0.7885828574723037,1.2104516139009271,0.9958472039951485,0.8329896634679514
458,-0.551979600626105,0.09922592087606807,16.0,0.5143068102118901,-1.6459190782737547,-0.5064818674792195,-1.4814882670255902,5.211985295842874,2.768427496520277,-0.8707245798239963
115,0.009514261530046489,-1.2137202695980112,5.0,0.5143068102118901,0.8097158449538991,0.9845239641941917,1.0759148172120914,-5.32451820709275,-1.8899326903983498,1.9073222557076162
433,-1.6128585540822395,1.0657456805207497,21.0,-0.14311759625335654,0.40721834232773374,-0.6525880925110288,-0.3172508087161222,1.4951922364719714,-0.9817108221421794,-1.7138142816806983
316,0.009514261530046489,-1.921508416587057,32.0,0.5143068102118901,-1.6459190782737547,0.014316748084099065,0.5232864559570967,1.2488886868788525,2.47772174712648,-1.3000795567259398
85,-1.3737414028927109,1.037792420038582,6.0,-0.8487164477684818,0.44451283007463055,-0.9589421585657781,0.6828869826426449,-1.611508252733519,-1.8522253787323057,-1.545755162920553
365,0.3897214006369472,-0.31741787082838235,4.0,-0.14311759625335654,0.56483981249284,0.5716938473506715,0.2533982194763173,-0.803744748053863,-0.3292811242478403,0.5950179285166743
48,1.5530601028901025,1.2899183134442413,31.0,0.5143068102118901,-1.6459190782737547,0.5478315738431655,-1.3589633676597004,1.6869965976542378,4.13883310432007,1.9249104318155248
191,0.2716867793347382,-0.5082448638436045,18.0,-0.8487164477684818,-1.6459190782737547,-2.02477444604283,-1.4814882670255902,5.821198087257862,-2.206743286744197,-1.0235942902659672
360,0.009514261530046489,-0.2890293132815072,53.0,-2.3567124901580105,3.2990364637933696,1.9744840242569353,2.808943138469129,-0.23455001113613932,5.736854604238051,0.5451806272597743
339,0.9590443649772767,0.7636219386127739,20.0,-0.14311759625335654,1.036097177317913,0.08206832735356082,0.20995948891559588,-1.9383872158771909,-1.9314759577657215,0.4944982549318248
136,-0.08090858185667348,-1.2137202695980112,39.0,0.5143068102118901,-0.8046457086081362,-0.6732855786573783,0.35948545795233566,2.203880420123467,-1.5283074020659921,0.14042537826782406
474,-1.6128585540822395,-0.6551076439235256,50.0,1.1325476142005315,-1.6459190782737547,-0.1632461227619358,0.1076052114865972,-2.2930761380281908,0.5314437805644529,-1.6293650508471766
133,-0.38178052901029474,1.2636933198085172,34.0,0.5143068102118901,-0.34273093606028876,-1.0792360158162133,0.8177303459378673,1.7720354213205387,-1.6192665676405067,0.30968213846732207
361,0.009514261530046489,-0.48439729394297504,0.0,-1.5893911240354683,-1.6459190782737547,1.1830838175109293,-0.42547489135721633,-6.210943487227154,1.169237710988872,1.727771875003713
497,0.009514261530046489,0.09922592087606807,25.0,2.2999378424051717,-0.5839975748851548,-1.1786051589183064,2.808943138469129,6.780750903025497,-2.0831295041219207,-0.16772943044772914
340,0.4649498481208426,-1.2137202695980112,21.0,0.5143068102118901,0.028974914419157075,0.014316748084099065,0.6449187370088142,-0.5038524676521945,-1.2824546826521417,0.08138691811444093
451,0.009514261530046489,1.2899183134442413,6.0,-1.5893911240354683,0.519544692499852,0.3587968609460603,0.1414206745650549,-1.4832147387870682,-0.3628303387072012,0.14042537826782406
